<ImportExportXml xmlns:xsi="http://www.w3.org/2001/XMLSchema-instance">
  <Entities></Entities>
  <Roles></Roles>
  <Workflows>
    <Workflow WorkflowId="{d73b6c17-cdfd-ed11-8f6d-0022483600c3}" Name="GerePDFNormas">
      <JsonFileName>/Workflows/GerePDFNormas-D73B6C17-CDFD-ED11-8F6D-0022483600C3.json</JsonFileName>
      <Type>1</Type>
      <Subprocess>0</Subprocess>
      <Category>5</Category>
      <Mode>0</Mode>
      <Scope>4</Scope>
      <OnDemand>0</OnDemand>
      <TriggerOnCreate>0</TriggerOnCreate>
      <TriggerOnDelete>0</TriggerOnDelete>
      <AsyncAutodelete>0</AsyncAutodelete>
      <SyncWorkflowLogOnFailure>0</SyncWorkflowLogOnFailure>
      <StateCode>1</StateCode>
      <StatusCode>2</StatusCode>
      <RunAs>1</RunAs>
      <IsTransacted>1</IsTransacted>
      <IntroducedVersion>1.0.0.0</IntroducedVersion>
      <IsCustomizable>1</IsCustomizable>
      <BusinessProcessType>0</BusinessProcessType>
      <IsCustomProcessingStepAllowedForOtherPublishers>1</IsCustomProcessingStepAllowedForOtherPublishers>
      <PrimaryEntity>none</PrimaryEntity>
      <LocalizedNames>
        <LocalizedName languagecode="1033" description="GerePDFNormas" />
      </LocalizedNames>
    </Workflow>
    <Workflow WorkflowId="{1be52512-d7fd-ed11-8f6d-0022483600c3}" Name="GerarPdfNormas">
      <JsonFileName>/Workflows/GerarPdfNormas-1BE52512-D7FD-ED11-8F6D-0022483600C3.json</JsonFileName>
      <Type>1</Type>
      <Subprocess>0</Subprocess>
      <Category>5</Category>
      <Mode>0</Mode>
      <Scope>4</Scope>
      <OnDemand>0</OnDemand>
      <TriggerOnCreate>0</TriggerOnCreate>
      <TriggerOnDelete>0</TriggerOnDelete>
      <AsyncAutodelete>0</AsyncAutodelete>
      <SyncWorkflowLogOnFailure>0</SyncWorkflowLogOnFailure>
      <StateCode>1</StateCode>
      <StatusCode>2</StatusCode>
      <RunAs>1</RunAs>
      <IsTransacted>1</IsTransacted>
      <IntroducedVersion>1.0.0.0</IntroducedVersion>
      <IsCustomizable>1</IsCustomizable>
      <BusinessProcessType>0</BusinessProcessType>
      <IsCustomProcessingStepAllowedForOtherPublishers>1</IsCustomProcessingStepAllowedForOtherPublishers>
      <PrimaryEntity>none</PrimaryEntity>
      <LocalizedNames>
        <LocalizedName languagecode="1033" description="GerarPdfNormas" />
      </LocalizedNames>
    </Workflow>
    <Workflow WorkflowId="{8c6088a9-f2e6-ed11-a7c6-0022483600c3}" Name="idusuarios">
      <JsonFileName>/Workflows/idusuarios-8C6088A9-F2E6-ED11-A7C6-0022483600C3.json</JsonFileName>
      <Type>1</Type>
      <Subprocess>0</Subprocess>
      <Category>5</Category>
      <Mode>0</Mode>
      <Scope>4</Scope>
      <OnDemand>0</OnDemand>
      <TriggerOnCreate>0</TriggerOnCreate>
      <TriggerOnDelete>0</TriggerOnDelete>
      <AsyncAutodelete>0</AsyncAutodelete>
      <SyncWorkflowLogOnFailure>0</SyncWorkflowLogOnFailure>
      <StateCode>0</StateCode>
      <StatusCode>1</StatusCode>
      <RunAs>1</RunAs>
      <IsTransacted>1</IsTransacted>
      <IntroducedVersion>1.0.0.0</IntroducedVersion>
      <IsCustomizable>1</IsCustomizable>
      <BusinessProcessType>0</BusinessProcessType>
      <IsCustomProcessingStepAllowedForOtherPublishers>1</IsCustomProcessingStepAllowedForOtherPublishers>
      <PrimaryEntity>none</PrimaryEntity>
      <LocalizedNames>
        <LocalizedName languagecode="1033" description="idusuarios" />
      </LocalizedNames>
    </Workflow>
    <Workflow WorkflowId="{f9e8b85c-fee9-ed11-a7c7-0022483600c3}" Name="GerarPdfOS">
      <JsonFileName>/Workflows/GerarPdfOS-F9E8B85C-FEE9-ED11-A7C7-0022483600C3.json</JsonFileName>
      <Type>1</Type>
      <Subprocess>0</Subprocess>
      <Category>5</Category>
      <Mode>0</Mode>
      <Scope>4</Scope>
      <OnDemand>0</OnDemand>
      <TriggerOnCreate>0</TriggerOnCreate>
      <TriggerOnDelete>0</TriggerOnDelete>
      <AsyncAutodelete>0</AsyncAutodelete>
      <SyncWorkflowLogOnFailure>0</SyncWorkflowLogOnFailure>
      <StateCode>0</StateCode>
      <StatusCode>1</StatusCode>
      <RunAs>1</RunAs>
      <IsTransacted>1</IsTransacted>
      <IntroducedVersion>1.0.0.0</IntroducedVersion>
      <IsCustomizable>1</IsCustomizable>
      <BusinessProcessType>0</BusinessProcessType>
      <IsCustomProcessingStepAllowedForOtherPublishers>1</IsCustomProcessingStepAllowedForOtherPublishers>
      <PrimaryEntity>none</PrimaryEntity>
      <LocalizedNames>
        <LocalizedName languagecode="1033" description="GerarPdfOS" />
      </LocalizedNames>
    </Workflow>
  </Workflows>
  <FieldSecurityProfiles></FieldSecurityProfiles>
  <Templates />
  <EntityMaps />
  <EntityRelationships />
  <OrganizationSettings />
  <optionsets />
  <CustomControls />
  <EntityDataProviders />
  <CanvasApps>
    <CanvasApp>
      <Name>rf_gerenciamentouser_96dc1</Name>
      <AppVersion>2023-06-02T02:39:14Z</AppVersion>
      <Status>Ready</Status>
      <CreatedByClientVersion>3.23052.29.0</CreatedByClientVersion>
      <MinClientVersion>3.23052.29.0</MinClientVersion>
      <Tags>{"primaryDeviceWidth":"1000","primaryDeviceHeight":"1200","supportsPortrait":"true","supportsLandscape":"true","primaryFormFactor":"Tablet","publisherVersion":"3.23052.29","minimumRequiredApiVersion":"2.2.0","hasComponent":"false","hasUnlockedComponent":"false","isUnifiedRootApp":"false","sienaVersion":"20230530T105108Z-3.23052.29.0"}</Tags>
      <IsCdsUpgraded>0</IsCdsUpgraded>
      <GalleryItemId xsi:nil="true"></GalleryItemId>
      <BackgroundColor>RGBA(0,176,240,1)</BackgroundColor>
      <DisplayName>GerenciamentoUser</DisplayName>
      <Description xsi:nil="true"></Description>
      <CommitMessage xsi:nil="true"></CommitMessage>
      <Publisher xsi:nil="true"></Publisher>
      <AuthorizationReferences>[]</AuthorizationReferences>
      <ConnectionReferences>{"b475ba6c-8842-4c0e-86fe-760eb7eeec5f":{"id":"/providers/microsoft.powerapps/apis/shared_sharepointonline","displayName":"SharePoint","iconUri":"https://connectoricons-prod.azureedge.net/u/shgogna/globalperconnector-train1/1.0.1639.3310/sharepointonline/icon.png","dataSources":["TabOpcao","TbEmpresa","TbEnsaiosDaOrdem","TbOrdens","Documents","Normas","TbNormas"],"dependencies":[],"dependents":[],"parameterHints":{},"parameterHintsV2":{},"isOnPremiseConnection":false,"bypassConsent":false,"dataSets":{"https://rbadigital.sharepoint.com/sites/AneteRF":{"dataSources":{"TabOpcao":{"tableName":"df9b8521-3edf-47de-9c8f-159f3468f3ef"},"TbEmpresa":{"tableName":"86b2ddfd-4bd4-4e84-b860-0a3957b188ba"},"TbEnsaiosDaOrdem":{"tableName":"b4b585f6-6dd7-4456-826a-2fb451de19d4"},"TbOrdens":{"tableName":"93ef8233-ece5-4bae-9fcb-e93704d17d5c"},"Documents":{"tableName":"dc2e6ab6-0c70-4083-8df7-76b473905a55"},"Normas":{"tableName":"91557f3a-7d9a-4705-a997-2b010119f6ee"},"TbNormas":{"tableName":"66f30a94-4538-428a-af9c-d98c433f8b9d"}}}},"apiTier":"Standard","actions":["providers/PowerPlatform.Governance/Operations/Read"]},"ddc03196-3a03-4dd5-a283-fc6b41c0ce8f":{"id":"/providers/microsoft.powerapps/apis/shared_sharepointonline","displayName":"SharePoint","iconUri":"https://connectoricons-prod.azureedge.net/u/shgogna/globalperconnector-train1/1.0.1639.3310/sharepointonline/icon.png","dataSources":["TbEnsaios"],"dependencies":[],"dependents":[],"parameterHints":{},"parameterHintsV2":{},"isOnPremiseConnection":false,"bypassConsent":false,"dataSets":{"https://rbadigital.sharepoint.com/sites/AneteRF":{"dataSources":{"TbEnsaios":{"tableName":"656a1033-aa6a-422a-9bdd-2e05f7d07d69"}}}},"apiTier":"Standard","actions":["providers/PowerPlatform.Governance/Operations/Read"]},"71c988fa-9a30-49ac-871a-a799d9bd7777":{"id":"/providers/microsoft.powerapps/apis/shared_office365","displayName":"Office 365 Outlook","iconUri":"https://connectoricons-prod.azureedge.net/u/shgogna/globalperconnector-train1/1.0.1639.3310/office365/icon.png","dataSources":["Office365Outlook"],"dependencies":[],"dependents":[],"parameterHints":{},"parameterHintsV2":{},"isOnPremiseConnection":false,"bypassConsent":false,"dataSets":{},"apiTier":"Standard"},"0cf08e9c-a6e0-4bc5-a2ff-e7cd46c77a7f":{"id":"/providers/microsoft.powerapps/apis/shared_logicflows","displayName":"Fluxos lógicos","iconUri":"https://connectoricons-prod.azureedge.net/releases/v1.0.1636/1.0.1636.3297/logicflows/icon.png","dataSources":["GerarPdfNormas"],"dependencies":["e6845def-31c5-48b0-9f0e-bea0635c5870"],"dependents":[],"parameterHints":{"workflowName":{"value":"a2e7b4c0-57fc-4d02-99e4-ca723af31930"},"workflowEntityId":{"value":"1be52512-d7fd-ed11-8f6d-0022483600c3"},"e6845def-31c5-48b0-9f0e-bea0635c5870":{"value":"shared_sharepointonline"}},"parameterHintsV2":{"workflowName":{"value":"a2e7b4c0-57fc-4d02-99e4-ca723af31930"},"workflowEntityId":{"value":"1be52512-d7fd-ed11-8f6d-0022483600c3"},"shared_sharepointonline":{"value":"e6845def-31c5-48b0-9f0e-bea0635c5870"}},"isOnPremiseConnection":false,"bypassConsent":false,"dataSets":{},"apiTier":"Standard"},"e6845def-31c5-48b0-9f0e-bea0635c5870":{"id":"/providers/microsoft.powerapps/apis/shared_sharepointonline","displayName":"SharePoint","iconUri":"https://connectoricons-prod.azureedge.net/u/shgogna/globalperconnector-train1/1.0.1639.3310/sharepointonline/icon.png","dataSources":[],"dependencies":[],"dependents":["0cf08e9c-a6e0-4bc5-a2ff-e7cd46c77a7f"],"parameterHints":{},"parameterHintsV2":{},"isOnPremiseConnection":false,"bypassConsent":false,"dataSets":{},"apiTier":"Standard","actions":["providers/PowerPlatform.Governance/Operations/Read"]},"07914cd2-d117-46bb-9458-aa44e9ea5df5":{"id":"/providers/microsoft.powerapps/apis/shared_microsoftspatialservices","displayName":"Serviços Espaciais","iconUri":"https://connectoricons-prod.azureedge.net/releases/v1.0.1613/1.0.1613.3125/microsoftspatialservices/icon.png","dataSources":["ServiçosEspaciais"],"dependencies":[],"dependents":[],"parameterHints":{},"parameterHintsV2":{},"isOnPremiseConnection":false,"bypassConsent":false,"dataSets":{},"apiTier":"Premium"}}</ConnectionReferences>
      <DatabaseReferences>{}</DatabaseReferences>
      <AppComponents>[]</AppComponents>
      <AppComponentDependencies>[]</AppComponentDependencies>
      <CanConsumeAppPass>1</CanConsumeAppPass>
      <CanvasAppType>0</CanvasAppType>
      <BypassConsent>0</BypassConsent>
      <AdminControlBypassConsent>0</AdminControlBypassConsent>
      <EmbeddedApp xsi:nil="true"></EmbeddedApp>
      <IntroducedVersion>1.0</IntroducedVersion>
      <CdsDependencies>{"cdsdependencies":[{"dependencyid":"1be52512-d7fd-ed11-8f6d-0022483600c3","componenttype":29,"componenttypeplatformname":"Workflow"}]}</CdsDependencies>
      <IsCustomizable>1</IsCustomizable>
      <BackgroundImageUri>/CanvasApps/rf_gerenciamentouser_96dc1_BackgroundImageUri</BackgroundImageUri>
      <DocumentUri>/CanvasApps/rf_gerenciamentouser_96dc1_DocumentUri.msapp</DocumentUri>
    </CanvasApp>
  </CanvasApps>
  <connectionreferences>
    <connectionreference connectionreferencelogicalname="rf_sharedsharepointonline_9b694">
      <connectionreferencedisplayname>SharePoint AppsAnete-9b694</connectionreferencedisplayname>
      <connectorid>/providers/Microsoft.PowerApps/apis/shared_sharepointonline</connectorid>
      <iscustomizable>1</iscustomizable>
      <statecode>0</statecode>
      <statuscode>1</statuscode>
    </connectionreference>
    <connectionreference connectionreferencelogicalname="rf_sharedwordonlinebusiness_c57e3">
      <connectionreferencedisplayname>Word Online (Business) AppsAnete-c57e3</connectionreferencedisplayname>
      <connectorid>/providers/Microsoft.PowerApps/apis/shared_wordonlinebusiness</connectorid>
      <iscustomizable>1</iscustomizable>
      <statecode>0</statecode>
      <statuscode>1</statuscode>
    </connectionreference>
  </connectionreferences>
  <Languages>
    <Language>1033</Language>
  </Languages>
</ImportExportXml>