{
  "properties": {
    "connectionReferences": {
      "shared_sharepointonline": {
        "runtimeSource": "embedded",
        "connection": {
          "connectionReferenceLogicalName": "rf_sharedsharepointonline_9b694"
        },
        "api": {
          "name": "shared_sharepointonline"
        }
      },
      "shared_wordonlinebusiness": {
        "runtimeSource": "embedded",
        "connection": {
          "connectionReferenceLogicalName": "rf_sharedwordonlinebusiness_c57e3"
        },
        "api": {
          "name": "shared_wordonlinebusiness"
        }
      }
    },
    "definition": {
      "$schema": "https://schema.management.azure.com/providers/Microsoft.Logic/schemas/2016-06-01/workflowdefinition.json#",
      "contentVersion": "1.0.0.0",
      "parameters": {
        "$connections": {
          "defaultValue": {},
          "type": "Object"
        },
        "$authentication": {
          "defaultValue": {},
          "type": "SecureObject"
        }
      },
      "triggers": {
        "Quando_um_item_é_criado": {
          "recurrence": {
            "interval": 5,
            "frequency": "Minute"
          },
          "splitOn": "@triggerOutputs()?['body/value']",
          "metadata": {
            "operationMetadataId": "5833c113-ac45-4dec-9760-61b4ab84728a"
          },
          "type": "OpenApiConnection",
          "inputs": {
            "host": {
              "connectionName": "shared_sharepointonline",
              "operationId": "GetOnNewItems",
              "apiId": "/providers/Microsoft.PowerApps/apis/shared_sharepointonline"
            },
            "parameters": {
              "dataset": "https://rbadigital.sharepoint.com/sites/AneteRF",
              "table": "9d19e5f0-7086-4fee-a688-cf85339c8039"
            },
            "authentication": "@parameters('$authentication')"
          }
        }
      },
      "actions": {
        "Obter_item": {
          "runAfter": {},
          "metadata": {
            "operationMetadataId": "e7d6c490-674e-42d0-960d-8561514bd4d4"
          },
          "type": "OpenApiConnection",
          "inputs": {
            "host": {
              "connectionName": "shared_sharepointonline",
              "operationId": "GetItem",
              "apiId": "/providers/Microsoft.PowerApps/apis/shared_sharepointonline"
            },
            "parameters": {
              "dataset": "https://rbadigital.sharepoint.com/sites/AneteRF",
              "table": "e9c07ed9-98cf-4333-995b-8cff5e3a6ca0",
              "id": "@triggerOutputs()?['body/cnpjMatricula/Id']"
            },
            "authentication": "@parameters('$authentication')"
          }
        },
        "Popular_um_modelo_do_Microsoft_Word": {
          "runAfter": {
            "Obter_item": [
              "Succeeded"
            ]
          },
          "metadata": {
            "01RI7GOLTVQNEEXF56F5EK22OCF2GORPIP": "/ORDEM DE SERVIÇO DO LABORATORIO DE MECANICA DOS SOLOS.docx",
            "operationMetadataId": "8526e715-27e4-45dd-b7c9-9ccf4ba119cb"
          },
          "type": "OpenApiConnection",
          "inputs": {
            "host": {
              "connectionName": "shared_wordonlinebusiness",
              "operationId": "CreateFileItem",
              "apiId": "/providers/Microsoft.PowerApps/apis/shared_wordonlinebusiness"
            },
            "parameters": {
              "source": "sites/rbadigital.sharepoint.com,cd20107a-2775-4899-a5e6-cbadefca7024,233147a2-a8c8-4045-9407-7ea48c386bf8",
              "drive": "b!ehAgzXUnmUil5sut78pwJKJHMSPIqEVAlAd-pIw4a_gqdyOgcwGASInwcJ3vDW5O",
              "file": "01RI7GOLTVQNEEXF56F5EK22OCF2GORPIP",
              "dynamicFileSchema/807906168": "@outputs('Obter_item')?['body/Cnpj_x002f_Matricula']",
              "dynamicFileSchema/874202146": "@triggerOutputs()?['body/QtdeCondutividadeHidr_x00e1_ulic']",
              "dynamicFileSchema/1001860719": "@outputs('Obter_item')?['body/Telefone']",
              "dynamicFileSchema/1585412930": "@triggerOutputs()?['body/QtdeSuporteAmostragemDeSolos']",
              "dynamicFileSchema/1619563598": "@triggerOutputs()?['body/QtdeTriaxiaisEstatico_x002d_CID_']",
              "dynamicFileSchema/1857235045": "@outputs('Obter_item')?['body/Title']",
              "dynamicFileSchema/1884443503": "@triggerOutputs()?['body/QtdeCaracteriza_x00e7__x00e3_oT_']",
              "dynamicFileSchema/-232234133": "@triggerOutputs()?['body/DataOrdem']",
              "dynamicFileSchema/-1833671258": "@outputs('Obter_item')?['body/Email']",
              "dynamicFileSchema/-101645795": "@triggerOutputs()?['body/QtdeCisalhamentoDireto']",
              "dynamicFileSchema/-1423331584": "@triggerOutputs()?['body/QtdeGranulometria']",
              "dynamicFileSchema/-1802378010": "@triggerOutputs()?['body/QtdeLimitesConsistencia']",
              "dynamicFileSchema/-867138346": "@triggerOutputs()?['body/QtdeModuloDeResiliencia_x002d_Tr']",
              "dynamicFileSchema/-1226755578": "@triggerOutputs()?['body/QtdeDensidadeRealDasPart_x00ed_c']",
              "dynamicFileSchema/-1251964988": "@triggerOutputs()?['body/QtdeDeformacaoPermanente_x002d_T']",
              "dynamicFileSchema/-387029153": "@triggerOutputs()?['body/QtdeCondutividadeHidr_x00e1_ulic']",
              "dynamicFileSchema/-115681784": "@triggerOutputs()?['body/QtdeEnsaiosOdom_x00e9_tricos']",
              "dynamicFileSchema/-236790108": "@triggerOutputs()?['body/QtdeCarregamentoPontual_x002d_Ro']",
              "dynamicFileSchema/-1619142429": "@triggerOutputs()?['body/QtdeCurvaDeCompactacao']",
              "dynamicFileSchema/-1549520956": "@triggerOutputs()?['body/QtdeIndiceDeSuporteCalifornia_x0']",
              "dynamicFileSchema/-692996482": "@triggerOutputs()?['body/OutrosServicos']"
            },
            "authentication": "@parameters('$authentication')"
          }
        },
        "Criar_arquivo": {
          "runAfter": {
            "Popular_um_modelo_do_Microsoft_Word": [
              "Succeeded"
            ]
          },
          "metadata": {
            "operationMetadataId": "5188ad3e-75e5-4eea-bfc8-3e093e37ca15"
          },
          "type": "OpenApiConnection",
          "inputs": {
            "host": {
              "connectionName": "shared_sharepointonline",
              "operationId": "CreateFile",
              "apiId": "/providers/Microsoft.PowerApps/apis/shared_sharepointonline"
            },
            "parameters": {
              "dataset": "https://rbadigital.sharepoint.com/sites/AneteRF",
              "folderPath": "/DocOS",
              "name": "@{first(split(outputs('Obter_item')?['body/Title'],' '))}@{formatDateTime(triggerOutputs()?['body/DataOrdem'],'yyyymmdd')}.docx",
              "body": "@body('Popular_um_modelo_do_Microsoft_Word')"
            },
            "authentication": "@parameters('$authentication')"
          },
          "runtimeConfiguration": {
            "contentTransfer": {
              "transferMode": "Chunked"
            }
          }
        },
        "Converter_Documento_do_Word_para_PDF": {
          "runAfter": {
            "Criar_arquivo": [
              "Succeeded"
            ]
          },
          "metadata": {
            "operationMetadataId": "e8856119-bee2-4ec2-854a-73af7c93b673"
          },
          "type": "OpenApiConnection",
          "inputs": {
            "host": {
              "connectionName": "shared_wordonlinebusiness",
              "operationId": "GetFilePDF",
              "apiId": "/providers/Microsoft.PowerApps/apis/shared_wordonlinebusiness"
            },
            "parameters": {
              "source": "sites/rbadigital.sharepoint.com,cd20107a-2775-4899-a5e6-cbadefca7024,233147a2-a8c8-4045-9407-7ea48c386bf8",
              "drive": "b!ehAgzXUnmUil5sut78pwJKJHMSPIqEVAlAd-pIw4a_gqdyOgcwGASInwcJ3vDW5O",
              "file": "@outputs('Criar_arquivo')?['body/Name']"
            },
            "authentication": "@parameters('$authentication')"
          }
        }
      }
    },
    "templateName": null
  },
  "schemaVersion": "1.0.0.0"
}