{
  "properties": {
    "connectionReferences": {
      "shared_sharepointonline": {
        "runtimeSource": "invoker",
        "connection": {
          "connectionReferenceLogicalName": "rf_sharedsharepointonline_9b694"
        },
        "api": {
          "name": "shared_sharepointonline"
        }
      }
    },
    "definition": {
      "$schema": "https://schema.management.azure.com/providers/Microsoft.Logic/schemas/2016-06-01/workflowdefinition.json#",
      "contentVersion": "1.0.0.0",
      "parameters": {
        "$connections": {
          "defaultValue": {},
          "type": "Object"
        },
        "$authentication": {
          "defaultValue": {},
          "type": "SecureObject"
        }
      },
      "triggers": {
        "manual": {
          "metadata": {
            "operationMetadataId": "cfdc287f-19ec-4113-aedc-8b66a9d4a90e"
          },
          "type": "Request",
          "kind": "PowerApp",
          "inputs": {
            "schema": {
              "type": "object",
              "properties": {
                "Obterconteúdodearquivo_IdentificadordeArquivo": {
                  "type": "string",
                  "description": "Selecionar um arquivo.",
                  "x-ms-powerflows-param-ispartial": false
                }
              },
              "required": [
                "Obterconteúdodearquivo_IdentificadordeArquivo"
              ]
            }
          }
        }
      },
      "actions": {
        "Obter_conteúdo_de_arquivo": {
          "runAfter": {},
          "metadata": {
            "operationMetadataId": "399f7322-2ca1-4369-97f9-a87db9dcc832"
          },
          "type": "OpenApiConnection",
          "inputs": {
            "host": {
              "connectionName": "shared_sharepointonline",
              "operationId": "GetFileContent",
              "apiId": "/providers/Microsoft.PowerApps/apis/shared_sharepointonline"
            },
            "parameters": {
              "dataset": "https://rbadigital.sharepoint.com/sites/AneteRF",
              "id": "@triggerBody()['Obterconteúdodearquivo_IdentificadordeArquivo']",
              "inferContentType": true
            },
            "authentication": {
              "type": "Raw",
              "value": "@json(decodeBase64(triggerOutputs().headers['X-MS-APIM-Tokens']))['$ConnectionKey']"
            }
          }
        },
        "Compor": {
          "runAfter": {
            "Obter_conteúdo_de_arquivo": [
              "Succeeded"
            ]
          },
          "metadata": {
            "operationMetadataId": "905d04c8-3b55-4976-9bb3-24eed09ad878"
          },
          "type": "Compose",
          "inputs": "@dataUri(base64ToBinary(body('Obter_conteúdo_de_arquivo')?['$content']))",
          "description": "dataUri(base64ToBinary(body('Obter_conteúdo_de_arquivo')?['$content']))"
        },
        "Responder_a_um_PowerApp_ou_a_um_fluxo": {
          "runAfter": {
            "Definir_variável_2": [
              "Succeeded"
            ]
          },
          "metadata": {
            "operationMetadataId": "83bc0723-1855-42ab-b574-803b7929cbba"
          },
          "type": "Response",
          "kind": "PowerApp",
          "inputs": {
            "statusCode": 200,
            "body": {
              "xpdf": "@{outputs('Compor')}"
            },
            "schema": {
              "type": "object",
              "properties": {
                "xpdf": {
                  "title": "xPDF",
                  "x-ms-dynamically-added": true,
                  "type": "string",
                  "format": "byte"
                }
              }
            }
          }
        },
        "Inicializar_variável": {
          "runAfter": {
            "Compor": [
              "Succeeded"
            ]
          },
          "metadata": {
            "operationMetadataId": "f0f6786f-4d02-4feb-afc4-f4fe50a8d59f"
          },
          "type": "InitializeVariable",
          "inputs": {
            "variables": [
              {
                "name": "Test1",
                "type": "string",
                "value": "@{body('Obter_conteúdo_de_arquivo')?['$content']}"
              }
            ]
          }
        },
        "Definir_variável": {
          "runAfter": {
            "Inicializar_variável": [
              "Succeeded"
            ]
          },
          "metadata": {
            "operationMetadataId": "6d0eed67-d5e2-4bbe-9950-58afb5d23f32"
          },
          "type": "SetVariable",
          "inputs": {
            "name": "Test1",
            "value": "@{base64ToBinary(body('Obter_conteúdo_de_arquivo')?['$content'])}"
          }
        },
        "Definir_variável_2": {
          "runAfter": {
            "Definir_variável": [
              "Succeeded"
            ]
          },
          "metadata": {
            "operationMetadataId": "4e265aba-bd93-4364-ba49-5070e49749f6"
          },
          "type": "SetVariable",
          "inputs": {
            "name": "Test1",
            "value": "@{dataUri(base64ToBinary(body('Obter_conteúdo_de_arquivo')?['$content']))}"
          }
        }
      }
    },
    "templateName": ""
  },
  "schemaVersion": "1.0.0.0"
}