{
  "properties": {
    "connectionReferences": {
      "shared_sharepointonline": {
        "runtimeSource": "invoker",
        "connection": {
          "connectionReferenceLogicalName": "rf_sharedsharepointonline_9b694"
        },
        "api": {
          "name": "shared_sharepointonline"
        }
      }
    },
    "definition": {
      "$schema": "https://schema.management.azure.com/providers/Microsoft.Logic/schemas/2016-06-01/workflowdefinition.json#",
      "contentVersion": "1.0.0.0",
      "parameters": {
        "$connections": {
          "defaultValue": {},
          "type": "Object"
        },
        "$authentication": {
          "defaultValue": {},
          "type": "SecureObject"
        }
      },
      "triggers": {
        "manual": {
          "metadata": {
            "operationMetadataId": "7d9d8cfb-0c09-4997-8939-d0c45f7b4a84"
          },
          "type": "Request",
          "kind": "PowerApp",
          "inputs": {
            "schema": {
              "type": "object",
              "properties": {
                "CaminhoDoPDF_Valor": {
                  "type": "integer",
                  "description": "Inserir valor inicial",
                  "x-ms-powerflows-param-ispartial": false
                },
                "Inicializarvariável_Valor": {
                  "type": "any"
                },
                "SiteSharePoint_Valor": {
                  "type": "integer",
                  "description": "Inserir valor inicial",
                  "x-ms-powerflows-param-ispartial": false
                }
              },
              "required": [
                "CaminhoDoPDF_Valor",
                "Inicializarvariável_Valor",
                "SiteSharePoint_Valor"
              ]
            }
          }
        }
      },
      "actions": {
        "CaminhoDoPDF": {
          "runAfter": {},
          "metadata": {
            "operationMetadataId": "123235c7-8f2b-4080-a393-023d45799731"
          },
          "type": "InitializeVariable",
          "inputs": {
            "variables": [
              {
                "name": "caminhoDoPdf",
                "type": "integer",
                "value": "@triggerBody()['CaminhoDoPDF_Valor']"
              }
            ]
          }
        },
        "Obter_conteúdo_de_arquivo_usando_caminho": {
          "runAfter": {
            "SiteSharePoint": [
              "Succeeded"
            ]
          },
          "metadata": {
            "operationMetadataId": "ff2da5ff-6465-4b6c-9133-f5b5d8bc8b63"
          },
          "type": "OpenApiConnection",
          "inputs": {
            "host": {
              "connectionName": "shared_sharepointonline",
              "operationId": "GetFileContentByPath",
              "apiId": "/providers/Microsoft.PowerApps/apis/shared_sharepointonline"
            },
            "parameters": {
              "dataset": "@variables('SiteSharePoint')",
              "path": "@variables('caminhoDoPdf')",
              "inferContentType": false
            },
            "authentication": {
              "type": "Raw",
              "value": "@json(decodeBase64(triggerOutputs().headers['X-MS-APIM-Tokens']))['$ConnectionKey']"
            }
          }
        },
        "SiteSharePoint": {
          "runAfter": {
            "CaminhoDoPDF": [
              "Succeeded"
            ]
          },
          "metadata": {
            "operationMetadataId": "7df4c464-4e2c-4001-b2fe-5278143d43c1"
          },
          "type": "InitializeVariable",
          "inputs": {
            "variables": [
              {
                "name": "SiteSharePoint",
                "type": "integer",
                "value": "@triggerBody()['SiteSharePoint_Valor']"
              }
            ]
          }
        },
        "Responder_a_um_PowerApp_ou_a_um_fluxo": {
          "runAfter": {
            "Obter_conteúdo_de_arquivo_usando_caminho": [
              "Succeeded"
            ]
          },
          "metadata": {
            "operationMetadataId": "0dc6c02f-a0e8-4c81-83cc-0b871f570e4f"
          },
          "type": "Response",
          "kind": "PowerApp",
          "inputs": {
            "statusCode": 200,
            "body": {
              "binarioarquivo": "@{body('Obter_conteúdo_de_arquivo_usando_caminho')}"
            },
            "schema": {
              "type": "object",
              "properties": {
                "binarioarquivo": {
                  "title": "BinarioArquivo",
                  "x-ms-dynamically-added": true,
                  "type": "string",
                  "format": "byte"
                }
              }
            }
          }
        }
      }
    },
    "templateName": ""
  },
  "schemaVersion": "1.0.0.0"
}